utc,second,launched,completed,success,errors,skipped,p99_ms
2026-09-12T13:54:49.971336Z,0,20,20,20,0,0,28.547559000003275
2026-09-12T13:54:50.971336Z,1,20,20,20,0,0,2.72276900000179
2026-09-12T13:54:51.971336Z,2,20,20,20,0,0,2.7989590000174758
2026-09-12T13:54:52.971336Z,3,20,20,20,0,0,6.618130999981986
2026-09-12T13:54:53.971336Z,4,20,20,20,0,0,8.837365999994518
2026-09-12T13:54:54.971336Z,5,20,20,20,0,0,3.524510000005421
2026-09-12T13:54:55.971336Z,6,20,20,20,0,0,3.346004999997376
2026-09-12T13:54:56.971336Z,7,20,20,20,0,0,3.0524329999934707
2026-09-12T13:54:57.971336Z,8,20,20,20,0,0,4.454484999996566
2026-09-12T13:54:58.971336Z,9,20,20,20,0,0,2.993037999999615
2026-09-12T13:54:59.971336Z,10,20,20,20,0,0,3.3981950000168126
2026-09-12T13:55:00.971336Z,11,20,20,20,0,0,6.661987000001091
2026-09-12T13:55:01.971336Z,12,20,20,20,0,0,3.5188320000258955
2026-09-12T13:55:02.971336Z,13,20,20,20,0,0,3.209408999993002
2026-09-12T13:55:03.971336Z,14,20,20,20,0,0,3.669031000015366
2026-09-12T13:55:04.971336Z,15,20,20,20,0,0,6.735979000012549
2026-09-12T13:55:05.971336Z,16,20,20,20,0,0,4.596569999989697
2026-09-12T13:55:06.971336Z,17,20,20,20,0,0,2.496003000004521
2026-09-12T13:55:07.971336Z,18,20,20,20,0,0,2.6676489999886144
2026-09-12T13:55:08.971336Z,19,20,20,20,0,0,3.8502199999754794
2026-09-12T13:55:09.971336Z,20,20,20,20,0,0,4.269867000004979
2026-09-12T13:55:10.971336Z,21,20,20,20,0,0,5.01281999999037
2026-09-12T13:55:11.971336Z,22,20,20,20,0,0,2.784084000012399
2026-09-12T13:55:12.971336Z,23,20,20,20,0,0,8.123672000010629
2026-09-12T13:55:13.971336Z,24,20,20,20,0,0,3.201869000008628
2026-09-12T13:55:14.971336Z,25,20,20,20,0,0,10.505601999994951
2026-09-12T13:55:15.971336Z,26,20,20,20,0,0,6.8042599999955655
2026-09-12T13:55:16.971336Z,27,20,20,20,0,0,2.9179470000144647
2026-09-12T13:55:17.971336Z,28,20,20,20,0,0,3.133193999985906
2026-09-12T13:55:18.971336Z,29,20,20,20,0,0,2.944751999990558
2026-09-12T13:55:19.971336Z,30,20,20,20,0,0,6.003322999987404
2026-09-12T13:55:20.971336Z,31,20,20,20,0,0,3.3260090000055698
2026-09-12T13:55:21.971336Z,32,20,20,20,0,0,3.500788999986071
2026-09-12T13:55:22.971336Z,33,20,20,20,0,0,4.291494999989709
2026-09-12T13:55:23.971336Z,34,20,20,20,0,0,3.2927459999996245
2026-09-12T13:55:24.971336Z,35,20,20,20,0,0,6.09410999999227
2026-09-12T13:55:25.971336Z,36,20,20,20,0,0,3.032724999997072
2026-09-12T13:55:26.971336Z,37,20,20,20,0,0,3.102393000006032
2026-09-12T13:55:27.971336Z,38,20,20,20,0,0,3.9718250000078115
2026-09-12T13:55:28.971336Z,39,20,20,20,0,0,4.17979399998103
2026-09-12T13:55:29.971336Z,40,20,20,20,0,0,2.927135999982511
2026-09-12T13:55:30.971336Z,41,20,20,20,0,0,3.1523359999994227
2026-09-12T13:55:31.971336Z,42,20,20,20,0,0,3.5396309999953246
2026-09-12T13:55:32.971336Z,43,20,20,20,0,0,6.014317999984087
2026-09-12T13:55:33.971336Z,44,20,20,20,0,0,3.627638000011757
2026-09-12T13:55:34.971336Z,45,20,20,20,0,0,6.307641999995894
2026-09-12T13:55:35.971336Z,46,20,20,20,0,0,3.946724999991602
2026-09-12T13:55:36.971336Z,47,20,20,20,0,0,3.322792999995272
2026-09-12T13:55:37.971336Z,48,20,20,20,0,0,2.7682079999920006
2026-09-12T13:55:38.971336Z,49,20,20,20,0,0,3.2913759999928516
2026-09-12T13:55:39.971336Z,50,20,20,20,0,0,3.033858000009104
2026-09-12T13:55:40.971336Z,51,20,20,20,0,0,3.2137419999855865
2026-09-12T13:55:41.971336Z,52,20,20,20,0,0,2.9416270000126588
2026-09-12T13:55:42.971336Z,53,20,20,20,0,0,5.0628619999883995
2026-09-12T13:55:43.971336Z,54,20,20,20,0,0,3.3639810000067882
2026-09-12T13:55:44.971336Z,55,20,20,20,0,0,3.5908790000007684
2026-09-12T13:55:45.971336Z,56,20,20,20,0,0,2.3261530000127095
2026-09-12T13:55:46.971336Z,57,20,20,20,0,0,3.0374589999837553
2026-09-12T13:55:47.971336Z,58,20,20,20,0,0,2.3515880000104517
2026-09-12T13:55:48.971336Z,59,20,20,20,0,0,9.367165000014666
2026-09-12T13:55:49.971336Z,60,20,20,20,0,0,3.9719800000170835
2026-09-12T13:55:50.971336Z,61,20,20,20,0,0,3.6316819999910877
2026-09-12T13:55:51.971336Z,62,20,20,20,0,0,2.6452409999819793
2026-09-12T13:55:52.971336Z,63,20,20,20,0,0,2.185021000002507
2026-09-12T13:55:53.971336Z,64,20,20,20,0,0,2.2419779999722778
2026-09-12T13:55:54.971336Z,65,20,20,20,0,0,3.2381510000050184
2026-09-12T13:55:55.971336Z,66,20,20,20,0,0,6.111914999962664
2026-09-12T13:55:56.971336Z,67,20,20,20,0,0,3.8486189999957787
2026-09-12T13:55:57.971336Z,68,20,20,20,0,0,4.169579000006252
2026-09-12T13:55:58.971336Z,69,20,20,20,0,0,2.396903000033035
2026-09-12T13:55:59.971336Z,70,20,20,20,0,0,2.3728880000248864
2026-09-12T13:56:00.971336Z,71,20,20,20,0,0,4.159076000007644
2026-09-12T13:56:01.971336Z,72,20,20,20,0,0,2.9341019999833406
2026-09-12T13:56:02.971336Z,73,20,20,20,0,0,5.283023999993475
2026-09-12T13:56:03.971336Z,74,20,20,20,0,0,3.7592439999798444
2026-09-12T13:56:04.971336Z,75,20,20,20,0,0,3.2144379999863304
2026-09-12T13:56:05.971336Z,76,20,20,20,0,0,3.644605000033607
2026-09-12T13:56:06.971336Z,77,20,20,20,0,0,4.895088000012038
2026-09-12T13:56:07.971336Z,78,20,20,20,0,0,2.9234600000336286
2026-09-12T13:56:08.971336Z,79,20,20,20,0,0,2.0826800000008916
2026-09-12T13:56:09.971336Z,80,20,20,20,0,0,3.1315530000028957
2026-09-12T13:56:10.971336Z,81,20,20,20,0,0,9.563851999985218
2026-09-12T13:56:11.971336Z,82,20,20,20,0,0,3.1869360000200686
2026-09-12T13:56:12.971336Z,83,20,20,20,0,0,9.281652000026952
2026-09-12T13:56:13.971336Z,84,20,20,20,0,0,3.1343919999926584
2026-09-12T13:56:14.971336Z,85,20,20,20,0,0,2.9440389999990657
2026-09-12T13:56:15.971336Z,86,20,20,20,0,0,3.3090410000227166
2026-09-12T13:56:16.971336Z,87,20,20,20,0,0,3.3129139999914514
2026-09-12T13:56:17.971336Z,88,20,20,20,0,0,3.232980999996471
2026-09-12T13:56:18.971336Z,89,20,20,20,0,0,4.393056000026263
2026-09-12T13:56:19.971336Z,90,20,20,20,0,0,2.9688829999940936
2026-09-12T13:56:20.971336Z,91,20,20,20,0,0,3.0450410000071315
2026-09-12T13:56:21.971336Z,92,20,20,20,0,0,4.183371000010538
2026-09-12T13:56:22.971336Z,93,20,20,20,0,0,4.177569999967545
2026-09-12T13:56:23.971336Z,94,20,20,20,0,0,3.393748999997115
2026-09-12T13:56:24.971336Z,95,20,20,20,0,0,3.356333999988692
2026-09-12T13:56:25.971336Z,96,20,20,20,0,0,3.2185499999854983
2026-09-12T13:56:26.971336Z,97,20,20,20,0,0,2.6813260000153605
2026-09-12T13:56:27.971336Z,98,20,20,20,0,0,5.081725000025017
2026-09-12T13:56:28.971336Z,99,20,20,20,0,0,2.888778999988517
2026-09-12T13:56:29.971336Z,100,20,20,20,0,0,2.4960759999999027
2026-09-12T13:56:30.971336Z,101,20,20,20,0,0,3.4340190000534676
2026-09-12T13:56:31.971336Z,102,20,20,20,0,0,3.106010999999853
2026-09-12T13:56:32.971336Z,103,20,20,20,0,0,9.428414000012708
2026-09-12T13:56:33.971336Z,104,20,20,20,0,0,2.508251999984168
2026-09-12T13:56:34.971336Z,105,20,20,20,0,0,2.901175999966199
2026-09-12T13:56:35.971336Z,106,20,20,20,0,0,5.288717999974324
2026-09-12T13:56:36.971336Z,107,20,20,20,0,0,3.3090659999857053
2026-09-12T13:56:37.971336Z,108,20,20,20,0,0,4.585739000049216
2026-09-12T13:56:38.971336Z,109,20,20,20,0,0,3.1874610000386383
2026-09-12T13:56:39.971336Z,110,20,20,20,0,0,3.084382999986701
2026-09-12T13:56:40.971336Z,111,20,20,20,0,0,4.081219999989116
2026-09-12T13:56:41.971336Z,112,20,20,20,0,0,3.355447999979333
2026-09-12T13:56:42.971336Z,113,20,20,20,0,0,2.4255639999637424
2026-09-12T13:56:43.971336Z,114,20,20,20,0,0,2.8447269999674063
2026-09-12T13:56:44.971336Z,115,20,20,20,0,0,4.5106730000270545
2026-09-12T13:56:45.971336Z,116,20,20,20,0,0,3.644694999991316
2026-09-12T13:56:46.971336Z,117,20,20,20,0,0,2.9689240000152495
2026-09-12T13:56:47.971336Z,118,20,20,20,0,0,3.299146000017572
2026-09-12T13:56:48.971336Z,119,20,20,20,0,0,3.015084000026036
